omega,nu_analytic,nu_numeric,relative_error,slope,points_used
0.2,1.5,1.4584967444269203,0.02766883704871977,-0.005757914355108174,1491
0.4,0.6666666666666666,0.6633416313581457,0.004987552962781361,-0.00261876779371126,1491
0.6,0.3888888888888889,0.3883181001722493,0.0014677424142160364,-0.0015330184121930763,1491
0.8,0.25,0.24989700967419137,0.0004119613032345093,-0.0009865538505997877,1491
1.0,0.16666666666666666,0.1666666618545861,2.887248340410764e-08,-0.000657973607741958,1491
1.2,0.11111111111111112,0.11113142612786032,0.00018283515074285495,-0.0004387292849643469,1491
1.4,0.07142857142857142,0.07144775881005344,0.0002686233407482308,-0.00028206444591986977,1491
1.6,0.041666666666666664,0.04167952055787706,0.0003084933890495356,-0.00016454415181332716,1491
1.8,0.018518518518518524,0.01852454816769564,0.00032560105556426317,-7.313198484963228e-05,1491
